72,-0.47955322875,0.3300476105,0.81704712,20.9717995,57.7705812,42.8201227875
72,-0.64025879375,0.70333862625,-0.049255371125,44.4893303,18.5213418875,3.925304875
72,-0.54974365125,0.5988769475,-0.59213257125,-1.24618895,12.2141775125,-3.47560977125
72,-0.4913024975,0.5281371975,-0.687927245,-1.70731723675,3.913871875,0.0152439
72,-0.4851379425,0.581787105,-0.6590270925,-3.734756175,-1.16234760625,-3.022103725
73,-0.491978234286,0.68547712,-0.563650947143,-15.5313588143,-3.066202,6.89459935714
73,-0.5553283625,0.403991708375,-0.5070495675,90.857472125,-36.00228825,6.6044198
73,-0.8056335475,0.01284789825,-0.35742187925,4.778963875,18.84908575,-0.556403725
73,-0.73501585875,0.107910154125,-0.75201414875,25.0762206375,25.9375006538,8.185976375
72,-0.7029724025,0.06958008,-0.55914307125,8.506098875,17.801067125,-43.818598275
72,-0.59741211,0.17889404625,-0.66903686625,-18.1021345,18.4070121,27.000762875
72,-0.3755188,0.63626098375,-0.7324523925,-7.926829375,2.1417680625,-2.5076219625
73,-0.426199777143,0.489397325714,-0.749546595714,8.25348469286,-2.82665508571,-1.24564465143
73,-0.4929199225,0.55169678,-0.3139953625,7.027439825,-8.856707575,-15.7050312875
74,-0.38067627625,0.5106811525,-0.37890624,-12.00076525,6.87881065,-29.778965125
74,-0.44070434875,0.50952148875,-0.71997069625,-19.2949702875,5.487805,8.0487808875
74,-0.35778808625,0.60726928625,-0.71157837,6.3300303625,-3.4946647125,-2.62195128375
74,-0.38235473625,0.55810547125,-0.74154663125,3.45655510375,-2.44283541625,0.4611280775
74,-0.39544677625,0.51947021375,-0.7585754425,-1.24618904625,-0.929878055,-0.1753048975
73,-0.3994750925,0.51879882375,-0.756530765,-1.3147866275,-1.0060976,-0.09146341825
73,-0.405273435714,0.515101842857,-0.755510598571,-1.18902444286,-1.32839724286,-0.0391986171429
73,-0.405303955,0.5075073225,-0.76364135875,1.27286588875,0.86128049125,1.520579337
73,-0.3607177775,0.461517335,-0.78994750875,1.14329285,0.1905489925,4.0091461
73,-0.3505554225,0.47976685,-0.77777099375,0.69740848875,-0.77362810375,-1.6501523125
73,-0.353363035,0.49114990125,-0.81661987125,-4.58841478,-2.107469475,-2.47713415
73,-0.35421753,0.5347290025,-0.7512207075,-2.95731715,2.6905489375,7.7515246125
72,-0.24447631875,0.50497436875,-0.82684325,3.8071649375,0.11814026,0.362042675
72,-0.352608815714,0.561000272857,-0.798479362857,-18.7456449286,-6.44599331429,-19.72996592
71,-0.4130859375,0.61270142,-0.64996338375,-1.7492377125,-1.41387195,0.731707515
72,-0.31225585625,0.636810305,-0.20507813,-83.277444225,-70.9641775875,-36.3719523
72,-0.334899905,0.7141723625,-0.25332641175,51.87499905,88.5289629875,-0.66692095
72,-0.29788208,0.768951415,-0.5652770925,6.017530725,-2.84298793375,0.449695125
72,-0.3279418975,0.73980712625,-0.59445190375,1.375762255,-5.1181403125,1.0746951025
72,-0.343680244286,0.742710658571,-0.577950612857,-1.89459937571,0.527003558571,-3.34494787571
72,-0.352783205,0.726531985,-0.60293579625,0.85365845,0.54496960375,0.6783536775
73,-0.3394165025,0.689758295,-0.65380859625,3.4832318375,-0.25914642625,-0.1905488
73,-0.31326294,0.72451783125,-0.7056884825,3.704268275,0.31249996625,4.42073182375
73,-0.28964233375,0.513183595,-0.75195311875,5.68597560875,-1.7149390875,-0.61737819
73,-0.298095705,0.56805420375,-0.7779541,-3.719512075,-2.9306403125,2.50381089625
72,-0.3127746575,0.5804748375,-0.752594,-0.14862800625,-1.39481708375,-0.89176828875
73,-0.32400949,0.57704381,-0.751708985714,-0.605400695714,-0.483449447143,-0.230836238571
72,-0.326958548889,0.594265417778,-0.820041232222,-5.75880878889,2.82181503333,6.07046157778
72,-0.322579517143,0.374686107143,-0.766252786429,27.4303111429,7.5043542,-1.19773594286
71,-0.38290405625,0.175933839375,-0.92324829375,17.1265246625,-6.764481625,-8.39557938375
71,-0.44024657875,0.1305541995,-0.887664805,-6.9550307875,-1.1966463825,2.6981707875
71,-0.432525635,0.2208862325,-0.87881469625,-11.94359785,1.09374995875,2.5724086125
72,-0.40432739375,0.31591797,-0.858734135,-1.41387198625,-1.13185978375,-0.01143291625
71,-0.40859985375,0.31246948375,-0.8598327625,-1.0823170925,-1.2576219875,0.01143290875
73,-0.408830917143,0.311732702857,-0.850969574286,-0.409407577143,0.570557524286,1.09320562857
73,-0.3901977525,0.31542968875,-0.86001587375,-2.78963423,-0.4839939305,1.7606708125
72,-0.38439941375,0.3276672375,-0.86221313875,-0.96036587625,-1.032774425,0.198170745
72,-0.387145995,0.32006836,-0.86221313625,-3.09451235625,-0.3315548925,0.5335365795
72,-0.3738098125,0.36456298625,-0.85485840625,-1.0022866625,-1.9702744125,-1.2347561375
72,-0.39944458125,0.32687378,-0.8530273375,-3.74237818,1.9283536825,5.21341455375
70,-0.31787109125,0.46829223375,-0.85745239375,-6.4634148625,-7.79725675,-1.974085225
71,-0.403076171125,0.30444335875,-0.80877685625,-4.5312499175,18.974848025,-15.933689955
71,-0.299107142857,0.318743027143,-0.92529298,20.2003487143,-15.5792685429,19.94338
70,-0.40774536,0.301483155,-0.87594605125,1.0022866,-3.1592987375,20.17911625
70,-0.274658205,0.37554931625,-0.838989265,-2.79725582,-9.161585675,11.6806405
71,-0.42514038,0.3717041,-0.85317993625,-9.3330790625,-1.8445118825,-24.516007
78,-0.414611815875,0.40692138875,-0.89852905375,-6.2080794,1.6615858625,1.4367385
78,-0.3685913075,0.51513672,-0.79324339625,-23.483232375,24.6074703625,-47.267531375
78,-0.3094482425,0.4906616175,-0.86660766,-14.8246956125,3.9481708875,-20.81555005
77,-0.3554992675,0.4414367675,-0.7922363275,20.86509175,-10.6173779875,32.32850805
77,-0.419294084286,0.390625,-0.873709538571,21.5026144429,-15.8536587429,22.3301400429
76,-0.52230835125,0.43432617375,-0.74530028625,16.7225611125,-18.2317075375,52.035063275
76,-0.3327026375,0.3154907225,-0.85287475875,-36.21951365,28.1097569375,-63.53658775
76,-0.2890930175,0.47659302125,-0.91381836125,-9.939024875,8.4984762625,-22.4580788625
76,-0.235809326,0.388946535,-0.90277100125,10.019054975,-16.9817072375,19.68749925
75,-0.284319192857,0.380650108571,-0.831159311429,24.237805,-19.5775262757,67.4172491429
74,-0.450005422222,0.457329644444,-0.776204428889,-10.0880762222,3.87872634444,-21.4092149222
74,-0.429303844286,0.480957031429,-0.840890061429,-28.8153315714,24.1376305857,-47.4216040571
74,-0.44714355875,0.39764404125,-0.73339843875,-25.84984725,15.807926875,-60.072410425
74,-0.49484253375,0.39398193375,-0.7841186575,-16.5396343375,15.4344515875,-14.67987895
73,-0.32312011825,0.4485168475,-0.813201905,2.2446653375,2.0426827625,2.233231675
73,-0.3564147945,0.45642090125,-0.8519287125,2.01600645875,-2.2179877875,-2.6219518125
73,-0.16748047,0.458709718125,-0.7707214275,-5.6402432625,-55.7393302,67.709607
73,-0.32821655375,0.8852539,-0.33038330125,0.5144815,-34.2721045875,14.192073775
73,-0.45172119125,0.493316645,-0.66964721875,24.6875007375,18.288872625,-26.749238
74,-0.427978518571,0.341761995714,-0.847342347143,-2.05139375286,3.29268276286,-4.02439045143
74,-0.3879699725,0.3117980975,-0.86309813375,-0.2896341675,4.3635671875,-1.38338415875
74,-0.34143066375,0.2888183575,-0.8882751425,-2.19893304625,-2.5419207875,1.18521337
74,-0.28820800875,0.27456664875,-0.90597534375,-1.11280471,4.39786575,-4.9847562875
74,-0.24468994125,0.4478759775,-0.842376715,-71.7416165,-22.641005875,-4.8894821
77,-0.6520690925,0.73046875375,-0.03121948225,14.28353725,-36.9435992,-5.236280825
77,-0.64086914,0.772147042857,-0.0274832602857,34.0592343286,-25.6097566,3.08362375714
76,-0.71084595,0.7131958025,-0.054901121375,9.39786607,-0.739329325,-1.69969516
75,-0.754943845,0.68298339875,-0.02813720725,-25.13719575,-0.2400914875,-16.2118906625
72,-0.8255004875,0.499633789375,0.032043458,14.447408875,-4.588414725,8.46798759375
72,-0.8593750025,0.443115230375,-0.110748290687,5.6554877,-1.05182929325,-5.2896336625
71,-0.87634278125,0.236633302625,-0.1872863795,26.69207375,-9.3216465625,-1.745427125
70,-0.89993287125,0.40658569,-0.182983399125,-7.549542725,20.1181406375,6.1318599625
71,-0.767517095,0.46929931,-0.39633178625,-7.3513718625,3.791920925,3.3993903875
71,-0.763044082857,0.5723005,-0.310163225714,-3.31881515714,-8.21864152571,4.35104549857
71,-0.73739624125,0.610626215,-0.205688476375,18.98246925,-19.4321653125,12.957317375
71,-0.7044067325,0.7099304275,-0.151702882,-18.5518299125,18.5365857,1.6692074
71,-0.64044188875,0.38345337125,-0.70376587875,35.0914636125,13.422256575,-22.0350615875
70,-0.47180175375,0.156524659375,-0.8463439925,-4.5579270675,2.644817035,-1.8673781375
70,-0.59851075,0.39544678075,-0.6745605475,-40.84603835,-18.5213419,9.5731706
70,-0.70385743,0.571380615,-0.37994384875,12.9916161213,-14.363567825,1.04420755
70,-0.81091308,0.560302735,-0.394195555,-0.4115852625,11.5472562925,-2.56859724
70,-0.733468187429,0.415073932857,-0.470040455714,10.7883283,-3.28397228571,3.58884998571
71,-0.61318969625,0.69964598875,-0.23074340825,17.3170735,-12.153200675,24.29878065
72,-0.6888427775,0.749786368,-0.36236572375,-7.488566625,-5.705030725,-34.477898125
72,-0.839752195,0.167755127125,-0.36599731625,4.386433625,-16.1585365375,-1.16234715
72,-0.88467407375,0.37713623,-0.184265136625,-16.078506875,23.917683875,16.1737807625
73,-0.591369629125,0.731475821,-0.2626037525,10.9070123425,38.56707375,8.0182931875
73,-0.63507079375,0.94650267125,-0.123748781125,-9.8971028375,19.80564075,-16.1814015
73,-0.674072268571,0.739850724286,0.0653250562571,-44.3945982571,2.07752628571,15.9102791429
73,-0.36892700125,0.7858276375,-0.39102172875,115.39634325,28.654727375,18.5175308
73,0.21243286125,-0.3352050825,-0.937927255,-3.4184453,16.43673815,11.1166161912
74,0.287750245,-0.35543823125,-0.88864136,5.8041161475,4.30259146625,1.23094507575
74,0.316131595,-0.41644287375,-0.861114495,-3.3003047375,-1.429115855,0.30106705625
74,0.31207275875,-0.41809082,-0.82742309625,-0.7050303825,-0.445884225,-1.14329273
75,0.975376657143,0.518798822857,0.002720422,-200.958198571,31.6550526243,62.4825818571
76,0.924224855,0.331695555,0.117950439625,22.50381225,-8.273628625,-11.6082317
76,0.456817625,0.74343871125,-0.169464106875,39.2111315375,-7.9687508375,-58.1631119125
76,0.2681579585,0.91415404875,0.02453613675,-53.1783535,9.9352134375,23.6318599625
76,0.08947753925,0.90197753125,0.3714294425,5.571646,-31.18902535,0.0571649375
76,0.163574220375,0.88711549125,0.5437622,-11.66158875,6.356707125,0.445883325
76,0.5018310525,0.87136840375,0.18142700225,19.60746875,-6.9855182,6.6234760125
76,0.52362060125,0.7475891225,0.4114379875,-42.503811875,-26.0327749375,-12.587652375
76,0.635428291429,0.82805524,0.118408208143,126.537462,-28.9459943714,-52.1820581429
76,-0.4000244175,0.62927246375,-0.30856323175,-37.2027445875,-56.867379125,-1.4748476625
76,-0.5252990675,0.858398445,-0.06082153275,-7.22942085,15.49923825,4.340701455
78,-0.4241333025,0.85037231625,-0.173583981375,-12.5952743375,31.242378625,-2.801067135
79,-0.39801025625,0.87573243125,-0.10491943475,-0.9641767375,-3.10975605,-5.7431405
79,-0.46762085375,0.91397095375,-0.1063232425,10.7660062538,-10.08003105,4.31783545
82,-0.40475463875,0.8532714775,-0.1863403335,3.3803354275,-6.2538111125,5.8612803875
83,-0.38208008,0.879882821429,-0.34026228,10.3484324286,18.5888505429,1.87717767143
82,-0.32260132,0.90164185375,-0.3309631375,-11.3871958713,20.28201235,-10.67835375
83,-0.33959961,0.86907959875,-0.302581786875,-11.429116225,1.8521337625,-1.013719475
83,-0.334228515,0.95544434625,-0.24948120325,10.2667687788,-25.0457326008,5.8193599875
83,-0.3735046375,0.90283203125,-0.19338989375,7.3971039425,-18.64329343,-2.79344523
82,-0.4635620075,0.81927489875,-0.2986145025,-21.0975615,25.6250007625,-3.5975608375
81,-0.35531616,0.917724605,-0.2083740245,6.8826220125,-45.461130975,13.243140375
81,-0.327985495714,0.896484381429,-0.245605468571,22.674216,-41.746516,-4.477351942
81,-0.3966979975,0.8887024025,-0.241394044125,-12.2217985213,7.3056408,5.4420729875
81,-0.4530029275,0.89520264,-0.15869140675,6.15472535,-1.68826203125,2.6028965625
80,-0.4469604525,0.8694152925,-0.08078003025,-8.5099088425,-22.6943601875,-4.5617379775
80,-0.42715454125,0.8729248125,0.071990968,-33.4679884125,40.960367375,9.14634179375
80,0.23928833,0.88201904625,-0.16970825125,-21.825459875,-4.397866,72.6295749788
81,0.8744201725,0.46621703875,-0.061584471125,8.8033541,10.9184452125,26.284299875
80,0.447631838625,0.72503662375,-0.29830932375,33.3117386625,-52.30182897,-74.32164825
79,-0.553466798571,0.782331187143,-0.160330633657,-65.6358915714,19.0331014714,-18.4364110143
79,-0.50695801125,0.87646485125,-0.02450561425,-16.2614334,3.2850609125,3.346036575
79,-0.43795776375,0.89242553375,0.078857422875,-0.9679879,-1.41768300875,4.71417693
79,-0.38214111375,0.912292485,0.104766846625,-5.13719502125,2.7858232375,1.88643306625
80,-0.38043213,0.92523193625,0.08306884825,3.9786584125,-1.802591575,1.208079325
80,-0.34085083625,0.94674682625,-0.0266723629375,1.63109725,1.54344517,2.8658536375
80,-0.32812500125,0.95001221,0.01260375975,-2.56478666,-1.16234753875,0.33155494125
80,-0.33496093625,0.95663453125,0.0107421873125,-0.3391768125,-3.1554879125,-1.592987845
80,-0.325369698571,0.936209548571,-0.0174037394143,-9.47299697143,-1.56358894286,-2.46080164286
80,-0.35864257875,0.93768311125,0.063446044375,3.68521341375,-1.718749995,4.2911587625
80,-0.32513427625,0.9419860875,0.05612182625,-4.5426829875,-0.9184451275,-0.04954264125
80,-0.310180665,0.9563903875,0.0493774406375,1.0937497425,1.6425305075,0.70884133675
80,-0.30218506125,0.9664001575,0.0162048341375,1.349085455,-3.8376525075,-1.01753053375
80,-0.334368024286,0.950369691429,-0.0510951454857,3.21428577714,-2.29094087571,-1.91637631857
80,-0.334662541111,0.94276258,-0.0262586807667,-4.48170746667,-1.84281846,5.38279159556
80,-0.237339565714,0.989327567143,0.00704520101429,-4.15069707857,0.561846757143,-1.95121961429
80,-0.249481205,0.96453858375,0.0338439940937,-4.39405487875,5.571646455,4.32545745
80,-0.20748901375,0.9981079125,0.0378112793125,-2.65624999375,-0.3925305625,0.785061025
80,-0.2049865725,0.9818420375,0.09936523375,-2.56859765375,-3.15548793575,0.575457305
74,-0.14468383625,0.9866333025,0.1547546375,-6.288109725,-2.2446647075,1.1699696
74,-0.165666851429,0.972167977143,0.162388391429,-0.378919817143,-0.853658598571,-0.910278828571
75,-0.185601127778,0.977240667778,0.149414062222,0.145663988222,-1.00609753667,0.464092155556
75,-0.187395368571,0.978724885714,0.122698101,5.10888525571,-4.11149846429,-1.86846691
75,-0.2097778325,0.97683716625,0.061981201125,-4.55792705,1.04420742875,-0.78506103125
75,-0.19998168875,0.99319458,0.0338134766125,4.50457324125,-0.9451219925,1.4862805625
76,-0.1830749525,0.98330687625,0.01876831035,-4.3597561625,-1.77210368375,0.36585367375
76,-0.17135620125,0.98690795375,0.0184326170625,-1.82164640625,-0.26295724125,0.93750003875
76,-0.17919922,0.98605347875,-0.0033264159625,0.38490848325,0.2896341675,-0.92225615125
75,-0.189727785,0.9825744675,-0.0179138183875,0.19054879625,-1.03658537125,-0.1067073325
75,-0.196358815714,0.984340132857,-0.0516880581429,-0.0435539214286,-0.840592382857,0.117595841429
74,-0.210388185,0.97958373625,-0.051879882875,-2.76676836625,-0.68978663,-0.84603660375
75,-0.2207336425,0.97940063625,-0.034332275375,-1.7682927275,-0.85746955125,-0.30868902
75,-0.21841430625,0.9786682075,-0.03466796875,-1.0518293075,-0.95274392625,0.3887195
75,-0.21804809625,0.98022462,-0.03210449225,-1.87118907875,-0.88033539125,0.472560998
74,-0.2147521975,0.97900390625,-0.035461426,-1.50533543,-0.6783536925,0.228658555
74,-0.2138671875,0.98266601125,-0.036529541,-2.09603659125,-0.86128051,0.007621965
73,-0.21937779,0.980154857143,-0.0323660714286,-1.90331004486,-0.701219532857,0.361498293429
72,-0.2185974125,0.97991944125,-0.0224609375,-2.34756097,-0.38109755875,-0.31631098
72,-0.22125244375,0.98156738,-0.023162841975,-1.57393296125,-0.7012194925,0.16006097625
73,-0.23468017625,0.98052979125,-0.0136718751625,1.013719525,-4.49314036875,-1.29573169375
72,-0.19778442375,0.988677975,-0.040283203125,-4.4054879625,2.7972561,3.117378155
71,-0.205474855,0.97747803,-0.0054931639875,1.0327744025,1.3262195875,1.0670732
71,-0.17410278125,0.9848938075,-0.0255432127625,-5.32774397125,-0.659298825,1.5472560375
72,-0.15249633875,0.99890136,0.019409179475,-0.90320135,-2.0884146125,1.189024425
72,-0.192452567143,0.981863834286,0.0315290175571,-2.77874572714,-4.42944245714,-3.68031361429
72,-0.21343994375,0.990325925,0.0311584471875,2.2065549875,0.1943597125,-0.064786675
72,-0.1815490725,0.98245239125,-0.1129760745,2.86585381625,2.0922257125,0.861280475
72,-0.1766967775,0.9801940925,-0.112854004,1.2919208625,1.661585375,-0.26676826875
72,-0.17129516625,0.99072265625,-0.087768553875,-4.65701240625,-2.76676833,0.56783542
72,-0.1731567375,0.98495483875,-0.0335388191375,-0.777439075,-0.92606707875,0.89939029075
72,-0.1664428725,0.99252318625,-0.0664978025,-4.68750025875,-2.4199694925,-1.009908545
72,-0.192836217143,0.98570033,-0.0585937502857,-1.07578400714,-0.923345,-1.00174219714
72,-0.18707275375,0.98596192625,-0.08251953125,-2.18368899925,-2.78582328375,-0.0990853155
72,-0.19744873125,0.9808349725,-0.0561523436375,-1.699695125,-3.08307945875,-0.083841455
72,-0.203186035,0.9829101625,-0.07620239225,0.8193596625,-9.84375023,-0.6364329475
72,-0.23223877,0.9721679775,-0.055053710375,-2.5266769125,-0.644054975,0.45350611875
73,-0.24118042125,0.97149658125,-0.0418090825463,-3.52515255375,-3.02591484625,-1.97408539625
73,-0.253208704286,0.969098772857,-0.022286551,-6.06707358286,1.9947737,2.96602791429
73,-0.21243286,0.98349000125,0.0290832515125,-1.1852134225,-2.2713417325,1.16996949
72,-0.2155151375,0.9821472075,0.0303039550375,-3.18978669875,-1.1661586125,-0.91844515375
72,-0.2408447275,0.97195434,0.0260314939063,0.2439023125,0.4801829625,-0.54115853875
72,-0.23626709,0.97903441625,-0.009216308575,-2.93064019125,-3.07926833,-0.57545734
71,-0.2395019525,0.97705078125,0.0078430175875,-3.155487875,0.03810976625,0.9260670925
71,-0.2340393075,0.978851315,0.00280761718125,-2.15701237,-0.7278963625,0.678353695
75,-0.22958374125,0.9784546,0.00729370095,-1.14710369125,-1.02134153375,0.31249999375
74,-0.22274780125,0.97888184125,-0.0255126956125,-0.05335360575,0.7621951425,-0.7240853775
74,-0.241036552857,0.971784321429,-0.0277622767,-1.6158536,-1.33710802857,-0.396341457143
74,-0.23901367125,0.97329712625,0.044647217175,-4.81707317875,-2.0693598125,0.2439024375
74,-0.2366943375,0.97994995875,0.03466796875,-0.70884154125,-1.3414634125,0.33536583625
75,-0.23233032375,0.97885132125,0.0202941896,1.1775914275,-0.5335366375,-1.46341465925
74,-0.24627685625,0.9703369275,0.01580810525,-2.5685976525,-0.59451214125,1.57774392
74,-0.2390136725,0.973358155,0.0340270994375,0.32012197875,-1.24237805625,-0.1562500525
74,-0.22048950125,0.9760436925,-0.0795898431625,1.18140243375,0.3887195625,1.451981785
75,-0.216448102857,0.981480197143,-0.0553850451429,-2.80052271,-2.15592344286,-0.592334497143
75,-0.2147216775,0.9811401375,-0.057983397875,0.94131101625,-0.0876524375,1.58536587875
75,-0.20944214,0.9862976125,-0.058471679125,-4.2530488125,1.5434451625,0.1486279925
74,-0.2029724125,0.99020387375,-0.0335388177625,-3.8185976875,-0.811737825,0.53353661625
74,-0.187194825,0.9737854,-0.079650879,-1.9359758475,0.60213423875,-0.224847555
74,-0.20263671875,0.98410033375,-0.061157226625,-0.8384146675,-0.72408536,-0.41920730125
74,-0.22161865375,0.9779663125,-0.018737792875,-2.18368909125,-2.1036585675,-0.73932924
75,-0.211460658571,0.973876941429,-0.0718819752857,1.38937257143,-0.513937328571,0.696864197143
74,-0.2258605975,0.97738647625,-0.063812255875,1.3338415625,-1.19664634925,0.2515243745
74,-0.22058105375,0.97885132125,-0.07824706975,-3.060213525,-1.2500000175,0.362042655
74,-0.22564697,0.975799555,-0.068908691375,-2.431402528,-1.10899391675,0.08384146625
74,-0.22637939375,0.9760436975,-0.061096191,-2.118902515,-0.4573170825,0.41158538125
75,-0.21768188625,0.9794006225,-0.045745849875,-2.56859759625,-1.39481706875,0.5640244
75,-0.22088623125,0.98153687125,-0.045867920625,-1.3338414125,-1.19283540875,-0.8993902675
74,-0.235198975,0.973205575,-0.036712646625,-3.29649393375,-0.148628055,0.24771344625
73,-0.224644252857,0.986746652857,-0.00920758925714,-1.95993030714,-1.21080143,0.831881558571
73,-0.231781005,0.97494506625,-0.0102233884625,-1.06707316875,-0.97179883,-0.346798795
72,-0.232818605,0.97503662,-0.013946533125,-1.71493911,-0.5182927125,0.3620426925
72,-0.23571777375,0.9773864775,-0.0108642578813,-0.152439025,-0.57545730375,-0.52972562375
72,-0.231903075,0.97836303125,-0.009094238225,-2.68292684,-2.358993975,1.75685976375
72,-0.21060180625,0.98425292875,-0.003906249875,-0.31631102125,-0.48399391875,1.33384154
75,-0.2058715825,0.98602293875,-0.0187377932375,-3.868140325,-1.0213414375,-0.34679881
75,-0.209019251429,0.979945591429,-0.00240652894714,-2.25609764286,-1.59407668714,-0.997386754286
75,-0.2202758775,0.97802733875,0.019958496175,-0.83079269,-0.724085395,0.56783537875
75,-0.21585083125,0.96817016625,0.006072998325,-1.939786678,-1.67682930375,-1.7835367375
75,-0.23150634875,0.98092650875,0.0139160156375,-2.1074695325,-1.0480183475,0.567835365
75,-0.230407715,0.9774169925,0.0159606934838,-0.89557933,-0.5335366,-0.099085395
75,-0.2409973125,0.98254395,0.032684326125,-2.83536595,0.00381125,0.5144819375
74,-0.21951294,0.97439575625,-0.0033874513125,-0.24390244625,-0.92987804625,-0.049542665
73,-0.210728237143,0.985281807143,-0.00303431917143,-2.23432061429,-1.16289199429,0.130662018571
73,-0.2127380375,0.98477172375,0.00241088857875,-1.15472564125,-0.605945125,0.7545731775
74,-0.2176513675,0.9831237775,0.0013732908,-0.628810975,-0.90320124625,-0.3925305045
74,-0.21575056,0.9791783,0.00463867184286,-2.03397226,-1.17160287,-0.130661997143
73,-0.212185330667,0.982747384444,0.00743272573333,-2.10365860667,-3.21476962222,-0.481029824444
73,-0.24926757625,0.9885559075,0.008361816625,5.4039638125,2.6981707225,-4.184451225
73,-0.410156245,0.8298950125,-0.2526245125,23.8033544175,-3.57469515,-26.06707335
73,-0.469116213333,0.837198891667,-0.284667966667,-2.75660578167,-0.3607724,2.60416678117
72,-0.450578962857,0.846888958571,-0.280970984286,-2.15156794714,-1.47648085857,0.487804887143
72,-0.4444580125,0.8627319375,-0.2654418975,1.95884152,-4.47408555,4.649390125
72,-0.4444580125,0.8627319375,-0.2654418975,1.95884152,-4.47408555,4.649390125
72,0.05102539025,0.65356445,-0.775024425,2.9725611175,1.2576220225,-3.01067075
72,0.049421038,0.8046875,-0.5268554684,-5.63588851429,-3.81968632857,1.87717785714
72,0.116882324375,0.68524169375,-0.775634765,-1.2157009375,4.29878056625,0.54496941625
72,0.13360595625,0.655059805,-0.74990844625,3.30411596875,-0.35442081125,0.121951175
72,0.116363525788,0.61627197375,-0.78326415125,4.5007622375,-4.99618918,-2.00838411325
72,0.06460571325,0.59249878875,-0.80859374625,-3.42606729125,-1.1394817,3.90243916625
72,0.066436767,0.637329095,-0.730377195,-30.499239625,-0.89557914,-6.94359780375
77,0.063568114875,0.63070678125,-0.7689208925,13.944360375,2.93826215,6.482469595
83,0.091517858,0.598772315714,-0.786516465714,1.06707326286,2.10801397714,4.92160283286
84,0.0485534675,0.62969970875,-0.8348083425,-7.961128125,-6.16234758,-12.4695125875
84,0.02432250925,0.69656372125,-0.708374025,-14.1082321325,27.99923915,-21.303354575
85,0.06207275475,0.73773193125,-0.66876220625,-8.07545741625,-1.128048825,1.493902425
85,0.064941406375,0.81338500625,-0.578155515,-4.8666158625,-5.9832317,-0.8193598375
86,-0.076904296625,0.81344604125,-0.560424805,-15.6897870838,-13.4222565625,-0.88033540875
85,-0.13845825125,0.93408203,-0.35095215,-6.93216484125,-3.2088415,-2.02362815
85,-0.178710935714,0.929234101429,-0.34075056,1.07578400714,-6.01045325714,-1.83797922857
84,-0.152740480125,0.8748779325,-0.42239379625,3.0411585,18.323171225,5.4839941875
82,-0.001281738125,0.820312505,-0.56143187375,-6.6692074,-2.869664455,0.6211889125
81,0.0016784668375,0.96807860875,-0.29095459,-21.147103925,-0.1333841425,0.472560975
81,-0.157226562188,0.8732299825,-0.42501831125,11.1128048588,-21.8711894375,-14.3521346625
80,-0.31539917125,0.8156738225,-0.46353149375,19.881860195,-26.391007,32.3018300375
80,-0.0321044916,0.8413696225,-0.5843505825,11.3910060925,3.06783538375,9.588415
80,0.0560128338571,0.761579238571,-0.66106306,6.75087135714,8.78048811429,-10.3832747714
79,-0.0032653805,0.6687316875,-0.75769042875,-4.0777439125,4.500762745,-6.9817074125
78,-0.031097412325,0.66604614375,-0.7403869575,0.86128025,-0.73170740375,-2.94207315
77,-0.03689575225,0.637268065,-0.7920532225,-6.33003011,-9.7370432125,12.9496952125
78,-0.09588622975,0.87738037125,-0.48486328,-20.769817375,-4.35594545875,-8.738567425
76,-0.1777648925,0.94900511875,-0.30276489375,-2.3742379575,-2.1684451525,1.36051832875
76,-0.16220093,0.92950439875,-0.32931518625,7.48856722875,1.40625001175,0.57164637125
75,-0.124725343125,0.92886352375,-0.337646485,0.3277438375,-1.0708841375,-2.01219519125
75,-0.195277622857,0.878941127143,-0.423932755714,-28.3754358571,19.4120209571,-12.4956445571
75,-0.34912109375,0.7899780275,-0.372528075,41.93216525,-1.730182625,-8.258384375
75,-0.31796264825,0.67419434375,-0.60427856125,-25.243903,-0.01905504375,-31.0175315
75,-0.504608155,0.75582885875,-0.454956055,-19.3140245,10.0076214575,-0.5830793625
74,-0.62713623,0.65115356125,-0.39187622,2.21798735,-6.52057943375,-11.79496965
74,-0.538360595,0.83154296875,-0.248046874425,-32.057928525,-1.4405487375,13.1897865125
74,-0.65109252875,0.7283325125,-0.005767822625,-5.041921525,4.2225605375,-17.793445875
73,-0.3663024925,0.69232177125,-0.59368896125,54.5350609375,-5.06097475,56.981709375
73,-0.0965053015714,0.680803574286,-0.78756278,11.0191642171,-7.40418095714,6.82491305714
73,0.044036865,0.66116333,-0.73916625,-4.6913112125,12.1798779,-0.5792682125
73,0.11227417075,0.71826171625,-0.702911375,5.247713375,-0.518292675,1.131859805
72,0.11538696175,0.6685791,-0.74044800625,-1.8483232,0.003810875,-1.048018275
72,-0.16262817475,0.74325561625,-0.6411437975,-31.5396347625,6.0518295,-45.9870450725
72,-0.4315490725,0.82925415,-0.39239501875,-31.539635125,0.68216475,1.5548779875
72,-0.54718017375,0.840728765,-0.00973510925,-3.9062500875,13.0792689625,-17.709604125
71,-0.77145385375,0.43313598875,-0.3680114705,51.8673806875,-0.3734755125,-18.1783540375
71,-0.812116351429,0.28348214,-0.511788502857,-2.76567961429,-1.81184675429,4.67334519143
71,-0.75717162875,0.5489196775,-0.327209475,-7.4314027375,-7.2560975875,14.98094575
72,-0.71347045125,0.59191894125,-0.38397216875,4.0434451125,2.9763721375,9.9771340875
72,-0.39807128875,0.9171752975,-0.253112791625,-26.8521345,4.2187500875,16.097561125
72,-0.30331421125,0.959106445,0.064941406625,-16.596799675,-2.115091525,-8.08689019925
72,-0.64440918125,0.7481384325,0.1132202155,11.516769,9.908537375,-19.90091505
72,-0.692138675,0.65100097875,-0.32455444625,23.7919209625,3.1554878875,7.48856715
73,-0.556884762857,0.717668812857,-0.444161554286,-33.2012205714,-2.51306642857,12.3475610857
73,-0.5538635175,0.79226684625,-0.225708009875,12.08460425,2.1836890375,-2.15701243
74,-0.4420776375,0.9115600625,-0.027832031125,-10.6783539125,0.666920775,4.9161587375
74,-0.47482300125,0.89138793125,0.063323972375,-13.193597775,-2.793445025,-6.1051828625
75,-0.54244995125,0.8163757325,0.061706543,-6.2233235875,15.04573125,-0.12195125
75,-0.43051147125,0.77035521875,-0.338836675,53.029726875,-21.5091460875,21.871189075
75,-0.1976928725,0.9588623,-0.35552978875,9.7065547125,-8.7957318125,21.875000525
75,0.0179617746286,0.870361328571,-0.497035435714,5.30487832857,4.20731710571,1.25871082857
76,0.0128479006,0.82089233125,-0.5925598125,7.9725613,1.9131098,-3.12881130375
76,0.033630371125,0.786499035,-0.62362671,-4.9504575375,-1.493902525,4.405487875
75,0.091247558875,0.78842162625,-0.6136779825,0.62500002,0.74314025375,3.730945315
75,0.084777831875,0.79141235625,-0.60839843375,-3.46036600125,-5.50685961625,-0.59070122625
75,0.069152832,0.7972106825,-0.61404418875,-1.66920739125,-0.41539637125,0.1753049625
75,-0.00152587859375,0.80847168875,-0.56265259625,-6.5739331125,-4.134908725,-3.6547257875
75,-0.0317382818438,0.8470764175,-0.55520630125,-25.975610175,5.93750025,-11.7721039625
75,-0.469587051429,0.789550781429,-0.294049944286,6.93815334286,8.00522661429,-27.2343219571
75,-0.584503175,0.75531006,-0.28890991125,-6.0708846625,-3.26600592,-7.096036745
75,-0.5159606975,0.8120117225,-0.194702147625,-20.7774398,3.71189025,13.509908915
76,-0.498931885,0.88409424875,0.116149901875,-31.30716555,14.7865860375,-9.71798785
76,-0.66668701375,0.63265991,0.053405762,12.903964375,0.285822975,-3.9024391
76,-0.73388672875,0.598052975,-0.3541870125,14.0739332225,3.99009170625,4.02820125
76,-0.64187621875,0.64804076625,-0.37695312125,-18.7728664125,-2.793445225,0.884146425
76,-0.632254457143,0.756835937143,-0.187569755714,-14.7212548714,-2.48693372857,4.04181212143
76,-0.63394165375,0.74301146375,-0.16983032375,-4.2416155,2.7019818,0.651676675
76,-0.61102294875,0.79693602375,0.139648435375,-27.04268375,4.0586888,-8.72713415
76,-0.73202514625,0.57485962,-0.004547118875,53.7614335,6.6806405,0.510670555
76,-0.62173462125,0.6775207425,-0.3911437925,-28.7461898,-3.3193598775,10.2362809875
76,-0.5834655675,0.80560302,0.048065185125,-20.9946644825,-9.30259178375,1.0975611125
76,-0.6710205075,0.760589605,0.101074219375,-30.323934,33.79954335,-3.86814025
76,-0.7637634275,0.6159057525,0.09350585925,-23.7042689,6.650152125,-7.55335385125
76,-0.743477952857,0.576939178571,-0.154506138571,88.0182934286,-1.7247381,5.33536628571
76,-0.570739745,0.86962890875,-0.076843262275,-24.710367,-17.69435992,12.85442075
76,-0.57717895875,0.8021240275,0.17395019625,-10.5297257125,7.4923777,-11.112804825
76,-0.687469485,0.7065429725,0.029327393125,50.72408675,-5.4001528,6.7797255375
76,-0.45870971375,0.8063354425,-0.27578735625,4.03963445,-27.2980183625,37.7934464625
76,0.126373292125,0.941314705,-0.35168456875,16.787348,8.57088445,20.5068607625
76,0.24099731375,0.88876343375,-0.40057372875,-1.5891768925,-1.41387200875,0.62881097875
76,0.2293701175,0.89227294375,-0.40237426875,-1.36814032875,-1.726371965,0.9832317125
76,0.231061665714,0.879952564286,-0.42654855,0.574912886286,-0.866724781429,0.191637621429
76,0.23629760625,0.872497555,-0.44305419875,-0.52591466,-1.71112811125,0.37347561375
76,0.1597595225,0.8183898925,-0.56253051875,1.772103375,-3.727134875,-1.8102135125
76,0.2039184575,0.87487792625,-0.46502685125,-2.9954271875,-4.83993925,1.25381094
76,0.208587645625,0.86868286,-0.459869385,-1.47484738125,4.85137207875,-1.10137192
76,0.21905517375,0.8453064075,-0.484436035,-0.2858233275,-5.952744025,1.124237805
76,0.188720705,0.8410949725,-0.51281738625,-0.6554876675,0.49923783375,-0.41539632375
76,0.199497767143,0.876743858571,-0.458984374286,-3.32317076714,3.2142859,-4.34669
75,0.183776855,0.871429445,-0.47573852125,-3.9443598125,-7.9496953125,4.22637201625
76,0.1994934075,0.84857177625,-0.5017089875,1.68064025,0.88033545,1.4939024825
75,0.1097717295,0.9236450075,-0.401123043625,-24.8971036375,8.6166160075,-32.4695127625
75,-0.46237182375,0.83331299125,-0.086456297,-30.73933025,16.00609815,-13.608994
75,-0.5152282725,0.87469482625,0.131195067875,-8.658536575,7.176067275,-15.7545734375
75,-0.6922912575,0.646240225,-0.003265380625,12.9230177875,3.7195125875,0.1295733625
76,-0.372349335714,0.801199772857,-0.367536272286,4.51655097143,-32.3040092714,49.5209072857
75,0.093353270875,0.9209594675,-0.47576904375,15.1638726625,0.933688675,20.2782024113
75,0.151062012,0.85937499375,-0.51553345125,-0.426829825,-6.88643325,2.1341464875
75,0.08154296825,0.81735228875,-0.5781555225,1.4748476875,-4.0129573,-6.03277444125
75,0.063323974125,0.81787109,-0.5773620625,-2.5952744875,-0.72789636125,1.68064025
76,-0.1335754405,0.89666749625,-0.38449097,-38.4718005438,34.4702743,-46.41387315
77,-0.548980715,0.7700195325,-0.29553222625,-5.9832312375,2.72103658125,3.0297259375
77,-0.49856567375,0.87649536125,-0.118133543875,-6.714938975,3.2736283875,-3.029725675
77,-0.516880587143,0.861083988571,0.0771833162857,-21.0888502857,-7.29094091429,-5.20034860714
78,-0.71856688875,0.5981140175,0.111450195875,-0.403963475,5.019055375,-13.6966465625
78,-0.67541504375,0.66091919375,-0.29367065525,23.89862925,8.6356711,13.974847875
78,-0.5667114275,0.79998779375,-0.17044067375,-7.6714933,-7.538109925,-3.9900916625
78,-0.55825805375,0.796875005,-0.184753418125,-13.99009175,8.2240855375,4.9085367
77,-0.58367920625,0.80773925875,-0.140594483125,-17.86966525,-5.289634175,-10.8727137463
78,-0.6780395575,0.66601562625,0.17868041875,-18.4298793,-13.6089944038,3.757621925
78,-0.223693846875,0.92880247875,-0.317687988825,55.594515125,-21.61585525,7.656249875
78,-0.463099892857,0.890729632857,-0.131626674,-23.6149831143,9.58188190571,-2.5391987
78,-0.49676513625,0.85018921375,0.148651124688,-19.45884215,7.560975625,-1.4557927875
78,-0.5668335,0.83395385625,0.1988525405,-1.036585375,1.55106707125,-6.391006175
78,-0.73098755,0.59112549,0.17712402375,12.8544217125,4.020579075,-2.4237802625
78,-0.46572876375,0.7491455025,-0.34793091125,47.9420752625,-10.758384875,32.271342
78,-0.26605224675,0.867370605,-0.43096923875,4.28734757,-24.28353675,30.998476175
78,-0.037414551125,0.88299561,-0.48638915875,10.304878875,-5.29344517875,23.1021345963
78,0.1587524425,0.81976317625,-0.556732185,-9.60746975,-8.887195195,-9.54649455
78,0.0812290748571,0.824288507143,-0.595075331429,1.53745638571,13.3101049143,3.78048801429
78,0.18194580125,0.80725097625,-0.5606384225,-0.55259175,1.0403963875,-1.4786586575
76,0.161865233125,0.82159424125,-0.55590819625,-3.13262208375,-0.30868882625,-0.8498475625
76,0.1581726075,0.83544922625,-0.530792225,0.06478663,-0.28582318375,0.7812499875
72,0.16827392625,0.80621337125,-0.57754516,-0.87271330625,-0.9108231875,0.3010670375
71,0.1828613275,0.8188781675,-0.562927245,0.9222565225,1.85213425,0.26295746
71,0.19186401425,0.798492425,-0.5870666575,-0.67835353375,-0.3658536725,0.57545735375
70,0.198150635,0.767181395,-0.60891723,0.1562503,-4.58460371,2.317073325
70,0.190534318571,0.747558587143,-0.63605608,0.34407671,1.90766557143,-0.32665504
70,0.18548584125,0.80541991625,-0.61203002875,-5.579267875,-3.47560995,-0.03810956
76,0.17034912075,0.79321288875,-0.58959961,-2.713414675,-0.5411585875,-0.69740855875
76,-0.1061401369,0.90133667,-0.55682373375,-12.214176875,14.3445125125,-30.4611287125
76,-0.1423339845,0.95413207375,-0.28237914875,-21.6387194625,0.541158595,1.0327744375
75,-0.126434325875,1.006652825,0.0324707031875,-9.2339940875,-2.63719515,0.11432925125
75,-0.134796142,0.96359252125,0.23348999125,-5.06097575,-1.68826222875,-1.53963419125
75,-0.20251465,0.97897338625,0.251037601,-12.67149375,11.2652444375,0.56021365
75,-0.340890068571,0.893903461429,0.165387833571,20.0871080571,29.3815334814,5.927700678
75,-0.2490234375,0.94073487125,0.00848388675,19.249237525,-33.4070130625,22.02743996
75,0.1678161645,0.85394286625,-0.5222778275,26.2233235875,-0.11814029625,9.4512197125
75,0.16473388825,0.6483459525,-0.76000976875,-38.578507275,-0.05716457875,-24.363568325
75,-0.27261352875,0.748016355,-0.44223022625,64.9847565,-26.3071655375,32.8963420375
75,-0.04357910275,0.94525146375,-0.521026605,-17.3856722875,-3.4146342875,-8.86051901
74,-0.61505126875,0.63552856375,-0.338378908125,-84.954269375,31.4862829125,-81.432931125
75,-0.861328121429,0.509381981429,-0.0695103237671,-14.6951221671,2.97473871429,10.2700347857
76,-0.79693603,0.6047363275,0.0106201172875,-2.4275914125,-2.61814033,4.5236281475
76,-0.780151365,0.63308715625,0.0036621095625,-0.1562498075,-0.55640247375,0.84603662
76,-0.77175903875,0.62487793,-0.026641845625,3.3460365,0.54878045,1.19664634625
76,-0.76541137375,0.64428710625,-0.05978393575,-0.9641768275,-1.61966467375,0.2667683225
76,-0.77575683875,0.6337280325,-0.0719299325,0.50685979,-0.60213416375,-1.79115859375
76,-0.7855834875,0.607055665,-0.10998535125,-0.46493906,1.58917685125,-0.57545739875
76,-0.7981262125,0.58853149625,-0.13165283,-5.16006107,-0.81554881,-1.37576227575
75,-0.801792691429,0.588274274286,-0.0946219301429,1.01480838143,-0.14372821,-0.322299657143
75,-0.804321285,0.5871276925,-0.121490479,-1.1928354025,-0.503048785,0.22484757
75,-0.80725097875,0.58016966875,-0.109344482125,-3.37271349375,-2.240853625,0.77743904875
75,-0.71545410375,0.61456298,-0.2615661625,66.7339969125,-32.088415575,24.4588422125
75,-0.13174438575,0.84152222125,-0.48306274375,0.445883375,15.861281375,37.343751025
75,-0.1479187015,0.97213745125,-0.1843566875,-41.120427625,2.46189045,-10.2858234538
77,-0.43948363875,0.8443603575,0.229217528125,-24.496952,39.4778971125,-10.8041157875
78,-0.623504635,0.7352600075,0.0206604005,15.7355185875,-8.5632620875,2.6753049125
77,-0.137834820857,0.858398434286,-0.404087611429,50.631534,-17.6785722857,44.2160300714
77,0.040863037375,0.7203064,-0.7033996575,11.9169205875,1.0937498875,-6.9245426375
77,-0.04879760725,0.66574096875,-0.75344848,3.8376527,-5.762195255,-3.0221035875
77,-0.12701416075,0.70227050875,-0.73461914,-18.3536592,-8.3117384,5.76981727
77,-0.130065918625,0.67233276625,-0.69323729875,5.11051834625,-0.575456875,-0.81935979625
76,-0.1831054675,0.65994263,-0.81591797,-1.31859781,-5.9260670125,-4.4359756725
76,-0.15390014725,0.5365295375,-0.7868347125,-0.78887215,4.7446644375,-0.5716463375
76,-0.200892854286,0.639090397143,-0.710170201429,-7.79616737571,-5.47909424286,-0.174216178571
76,-0.146759033125,0.6895141625,-0.7069397,9.771342375,-22.1532014375,-9.100609925
76,-0.8036193875,0.272338864875,-0.378692625,-22.16463475,-31.2004584625,-40.0952751463
75,-0.95791626125,0.220794678,-0.049987791875,-14.287347375,-19.809452,4.6493903875
75,-0.285247802,0.6937255875,-0.191253660375,19.03582545,15.6288115375,114.3635715
75,-0.0010070840625,0.8236389275,-0.26742553875,-32.6600615125,32.4085361625,-77.621952825
76,-0.52175903125,0.7731323275,-0.240386962375,39.13491005,0.1219512375,-14.98475665
76,-0.53286743375,0.68591308875,-0.48910523,-10.01143335,0.1333841525,7.97256121625
77,-0.482212617143,0.760742195714,-0.45228795,-1.6986064,0.1132404,0.540069671429
76,-0.6021118175,0.6741027775,-0.429656985,6.12804906625,-15.731707725,-2.6524389875
76,-0.69622803,0.61022949875,-0.36981201125,-0.2858231375,-3.810975675,-1.42911592125
76,-0.70178222375,0.61355591375,-0.37295532375,-0.40777437625,-0.1524390375,-0.13338415625
76,-0.70864868,0.58422852625,-0.39749145625,0.125762275,-0.0228658375,0.16768289375
75,-0.70205688125,0.5896606475,-0.40356445625,-0.0228658575,-1.55106709875,0.31631098325
76,-0.701354975,0.5869140675,-0.40661621,-1.352896345,-1.4214939475,0.27439024325
76,-0.70999145875,0.585266115,-0.39926147625,-0.39634147,-0.86509148075,-0.67835369625
76,-0.743233824286,0.541190014286,-0.382812502857,-0.100174237143,-7.8092336,-2.70470399429
76,-0.762542715,0.54751586625,-0.34378051875,-2.11128051175,3.2926830875,2.0007622475
77,-0.73870849375,0.54956054,-0.37524414125,-0.93368905,-0.13719514125,-0.45731706625
77,-0.71722411625,0.57791137125,-0.40133666875,-5.7621953625,3.14024399125,1.5853658725
76,-0.34698485925,0.68713378,-0.323059085,-8.1935975875,-2.519054925,56.1013727875
77,-0.1896972625,0.90527344,-0.09158325275,-13.7461912875,32.63719705,-89.1882649163
77,-0.76370239375,-0.28353882,-0.31881714,76.840702125,1.6692072375,-28.917683875
77,-0.7754516575,0.5788879375,0.1337585455,-23.3803352875,-19.973325,67.9496961125
75,-0.718052445714,0.704799101429,-0.0904715404286,1.93815350857,18.597561,-2.07752602429
75,-0.63571166625,0.7204589875,-0.012725829875,-35.887958,-18.8033537125,17.4771341875
75,-0.78076173,0.362640382125,-0.08016967875,37.793446625,-1.2995430625,-57.9992400412
75,-0.9479370225,0.095703125375,-0.23504638625,-2.5609761,1.6272865125,-0.5907009625
75,-0.90612792875,0.12075805625,-0.323516845,-3.784298375,-6.07088437,24.8170728
75,-0.2306213375,0.8411865175,-0.540222165,21.8711900375,4.462652625,53.978659
75,-0.3461914,0.84475709125,-0.315948483875,-50.7431420875,2.94207322875,-37.1455799125
75,-0.80804443375,0.52804565875,0.102050781875,-19.862804975,-0.35060969625,-15.6859756375
75,-0.843505858571,0.525285994286,0.0974121104286,-9.97822314286,8.71951248571,2.54790932857
75,-0.85110474125,0.51342772375,0.1062927245,-4.66463436175,0.04573173675,-0.2096036675
75,-0.84399414375,0.521057125,0.14141845875,2.82393299625,-8.993902675,0.316311025
75,-0.83682251,0.4911193875,0.15527343875,-6.4862805125,4.06250013,4.74847570875
75,-0.79388427125,0.5989990225,0.1596374525,-30.659299375,16.6425305,7.7972560875
75,-0.696838375,0.62246704625,0.153076172,46.4862816375,3.8567067875,6.31478692125
75,-0.53124999375,0.67044067625,-0.5449523875,-7.206554975,4.1730189125,-9.91615865
75,-0.64093017625,0.623596195,-0.37719726375,-23.0564019757,-2.3551829125,3.66996985
75,-0.727678567143,0.763706761429,-0.0424455928571,-13.4059238143,-13.3449480429,-17.8310103286
75,-0.71191405625,0.6065368625,-0.36795044475,31.143294075,21.3833854163,3.7042684875
75,-0.695190425,0.51599121125,-0.50738525625,-7.5190551125,-5.32393305,-2.92301837375
75,-0.807434075,0.47399902,-0.323120115,8.612805125,-14.394055425,-0.94893304625
75,-0.85565185375,0.42779541,-0.2869873025,0.0381097625,-3.81097569125,-2.60289645625
75,-0.87905883375,0.39526367125,-0.256378175,-0.92606707875,-2.3285061175,-0.95655489175
75,-0.86273193625,0.41574096625,-0.2713317875,1.383384125,0.579268365,2.9344513625
75,-0.8824768125,0.38702392375,-0.25427246125,-0.43826214,-5.7850612225,-3.30030490875
75,-0.917794354286,0.32990374,-0.208809987143,-0.844947725714,-2.44773524143,-1.80749134714
74,-0.8958740225,0.386779785,-0.20523071125,0.445884202,-1.128048815,6.4634149375
73,-0.8812255925,0.420288085,-0.210876465,-1.04420731875,-0.7126524425,-0.362042702
72,-0.8938598675,0.39868163875,-0.203826905,0.007621985,-3.6356707525,-2.09984761875
72,-0.862609875,0.39968871625,-0.200775146875,46.2690549462,-10.4687509088,24.6417691625
72,-0.3177490225,0.783660885,-0.58062744375,15.5487813088,9.90472555,38.6128049375
72,-0.28143310625,0.77801514,-0.504241945,-15.6059447125,-8.89862835,3.216463375
72,-0.4480285625,0.79971314125,-0.32150268375,-12.92301813,-3.7538109,-26.8330803
71,-0.746024005714,0.615722662857,-0.0761021197143,-34.5121954286,-0.270034824286,-21.3545301
71,-0.84777831625,0.5066528325,-0.120697021113,-16.1318602625,20.259146275,-0.8422256875
71,-0.84320068625,0.5184631375,-0.140960693,1.48246953,-5.247713525,-1.7339938575
71,-0.85485839375,0.49295044,-0.124023438,-1.5625000375,-3.6775915575,4.09298781875
71,-0.72988891625,0.6564025875,0.175659179638,-20.487805775,-7.7286587875,8.82240888
72,-0.72445679,0.63848876125,0.26055908375,-2.7629574375,-0.7202744025,-0.861280515
71,-0.74575805875,0.63125610125,0.19616699375,2.40853671625,4.260670695,0.956554725
71,-0.7559204,0.63134765,0.17327881125,0.716463425,-4.98856715,-3.3117379125
71,-0.775390621429,0.608154288571,0.18913923,12.9529619286,-10.6228226286,-5.03048801429
72,-0.7894897425,0.57040406125,0.20907592875,2.7629573,-5.71646336,-2.80487813375
71,-0.80572508875,0.56890869375,0.1899719275,-5.0724086475,4.3521342525,0.41539642
71,-0.8363037075,0.5250549375,0.1346130395,-6.5663112375,4.59603666625,-3.78048801325
71,-0.83618164625,0.51644897375,0.058288574375,-7.36661612125,20.106708,10.5830794088
71,-0.68362426,0.69439696625,-0.178131104375,-1.55487823375,1.5015242,3.742377875
71,-0.6531372025,0.7473754875,-0.0834350586875,-16.1242381475,-6.524390375,6.17378055375
72,-0.764678955,0.5835266125,0.18331909375,-23.6775921125,0.47637201175,-17.65243925
71,-0.821428578571,0.521623885714,0.208705357429,55.5313600429,9.30313602857,-3.4538331
72,-0.70788573375,0.64242553875,-0.313354495,-3.5403966,12.557165125,12.225609825
72,-0.60528564125,0.6904602025,-0.39147949375,-9.775152475,3.3612805125,4.1272867
73,-0.5794982925,0.8104858375,-0.087097168875,-20.0419207,-11.77972595,-4.996189225
73,-0.77368163375,0.58090210125,0.17532348625,-28.0259151625,2.0503049,-15.0266769375
73,-0.80932617625,0.52688598125,-0.06201171875,66.90930175,9.10061,-2.5342988675
74,-0.69442749,0.59738159625,-0.36593628,-20.895579875,6.0442075125,7.0807929125
73,-0.65069580625,0.76162719125,-0.122589112,6.341463675,-5.59070134,-1.1128048325
73,-0.641810827143,0.742082871429,-0.172188895143,-23.3362371429,-4.52961641429,-0.452961692857
73,-0.7877807625,0.57443237625,0.15042114375,-31.5891775,-3.342225625,-11.981707625
73,-0.76516722625,0.50238037125,-0.1251220675,53.38033675,11.5853665243,-5.3772866625
73,-0.69754028125,0.61712647,-0.36087036,-19.5426833375,6.3185976125,0.1448172225
73,-0.68377686625,0.6776123075,-0.27926636,-6.7987806875,-8.9672257125,3.708079355
73,-0.67218018,0.7354126025,-0.100524902375,-7.846798775,-4.919969625,2.538109805
73,-0.7516784625,0.62869262,0.087768554,-14.6532015,-6.41768304925,-17.724848
73,-0.852887825714,0.467250278571,0.221679691429,-14.5513945714,-2.88327523286,3.71515691429
74,-0.79882812,0.528228765,0.31582641625,33.475609325,-2.2560975625,-3.05259167125
73,-0.4247436535,0.76245117375,-0.31607055225,51.7797281662,2.366615625,67.176068875
73,0.0736999511875,0.8356933625,-0.5165710425,-3.0068598,-4.87042685,-2.32469507375
73,-0.298797605,0.82012939125,-0.278808593625,-49.2149397625,9.302592055,-53.4870444
73,-0.59136963,0.74682616875,-0.0744018566875,32.3361284625,-18.0297261875,32.484757945
72,-0.16671753125,0.8891601625,-0.4312438975,13.8414639912,6.39100632,3.3993901775
72,-0.2290039075,0.85018921625,-0.44940185625,-11.17759165,-9.4474082025,0.2172255
72,-0.203582765,0.892578125,-0.4120178225,-10.4382623125,6.33003085,4.57317065
72,0.000802176714286,0.953927175714,-0.367640902857,0.296167271429,6.95121961429,6.82055774286
72,0.0248413081562,0.930938725,-0.38095092875,-1.89024407,-2.046493925,-2.28658537875
71,0.03015136725,0.92501831125,-0.38140869,0.8422256375,-4.0434453875,2.27134160625
70,0.025634765875,0.92034912875,-0.40695190375,-1.75304876,-0.5449695625,-0.5221036625
70,0.0221862793875,0.91897583,-0.42272949375,-0.190548725,-0.8650918125,0.62499999625
70,0.035522460875,0.9186401325,-0.4178161625,-0.60594513,0.30868901125,0.18673783625
69,0.034271240375,0.919372555,-0.4201660175,-3.75381113675,-1.8978659175,1.90548777875
73,0.076416016125,0.91021728875,-0.42831421,-3.830030825,3.44512186875,-0.29725608625
72,-0.18753488,0.91775948,-0.0947265615,-37.4912907143,19.4250875714,-38.8937298571
72,-0.45706176875,0.90374755625,-0.0744323726,13.064025,3.36509155375,-0.40015225
72,-0.47994995125,0.8743896575,0.03750610475,-23.140244575,-0.7240853925,0.56402449625
70,-0.64575195,0.75762938875,0.102508544288,-9.778963195,22.797256,-19.7294214375
71,-0.6730041475,0.7078247175,-0.170196532875,24.969513875,-3.262195155,15.2400918375
71,-0.55966186375,0.818511955,-0.2142944345,-8.60518325,-4.394055025,2.3856708275
71,-0.55386351625,0.84106445125,-0.0234069825125,-3.1974085225,0.762195085,-0.8117378625
71,-0.5393066375,0.84591675,-0.0030517579,-0.6707317125,-3.540396475,0.36966466625
71,-0.542236321429,0.839146202857,0.00652204248571,7.34320571429,-4.15940786,-0.984320600857
71,-0.5732116625,0.83059692625,-0.160766600875,-8.0030489375,3.5556402125,2.8353658125
71,-0.537872315,0.84915161125,0.034179688425,-16.3643297175,-4.634146425,-3.9291160275
71,-0.72579956375,0.6648864725,0.097167968125,-24.809452275,17.0007623375,-14.59984805
71,-0.89434813875,0.55352783375,0.05557251,29.9085376075,-7.7705794625,-8.5746952875
72,-0.8374328675,0.54141235,0.065338135825,-57.892532875,13.2317075625,5.358231875
72,-0.7571105975,0.534210205,0.36303711375,-15.78506076,-0.5564024545,7.7057928825
72,-0.733014788571,0.578020372857,0.277657644286,102.434673386,-52.961673,-25.0522653
72,-0.391998295,0.88159179625,-0.2344360375,27.3285068875,3.528964,18.2964935
72,-0.724456785,0.6408691325,-0.10122680575,-55.9375009125,34.90472665,-22.0045738613
72,-0.759979245,0.61260987125,-0.125152586875,4.08917675,-2.3094511625,-0.7583841375
71,-0.7416992225,0.6538696275,-0.18173217875,-2.86204276625,-1.24237807,3.75000016375
71,-0.6900939975,0.72637939125,-0.0650939945,-22.6867381625,-4.096799,4.1272867525
72,-0.771392825,0.509063725,0.30639648625,18.58231975,-3.99009146625,-21.67301845
72,-0.7680053725,0.6187439,-0.16381835825,6.8673788,15.567835705,11.6653962125
73,-0.6847839325,0.7071228075,-0.17260742125,-2.28658538375,3.5060976125,1.81783544125
72,-0.639787934286,0.729840968571,-0.230015347143,2.65243917143,2.70470391429,3.49738674286
72,-0.61206055,0.765319825,-0.21807861575,-9.020579525,-2.55716475,-1.72637195
72,-0.624786375,0.73504639,-0.25170898375,5.25152455,3.1631098625,1.93216463
73,-0.5949401875,0.77185058125,-0.28048706125,-16.5739329212,-1.95121966625,-0.693597575
72,-0.78448485875,0.54339599875,0.186126710375,-31.43292725,-18.022104175,-23.3879578875
70,-0.8173828125,0.58135986,0.116790772125,52.48094765,-2.3399391375,-3.1135673425
69,-0.90582275875,0.376739505,0.135986329,-44.4817095,4.63414640875,-2.43902438375
69,-0.521453855,0.67852782875,-0.13220214625,70.769818325,-9.424541775,53.9710366625
69,-0.393275669857,0.908482134286,-0.0595005595714,-87.695995,45.2700366,-32.2343211143
68,-0.35137939025,0.8829040425,-0.10586548125,60.8574698125,-36.02134319,36.6310977213
75,-0.00805664190625,0.66619873,-0.75579834,3.4679876875,-10.9146348375,4.0396343875
75,-0.0398254385775,0.6953125075,-0.73397827,-9.20350677425,6.101371875,-11.8673784
74,-0.09097290175,0.69940185375,-0.67703247125,-1.749238175,-9.2568597125,9.009146675
74,-0.087463379125,0.8342285125,-0.4987487825,-19.165396875,-0.21341475,11.6958850525
74,-0.0190429686562,0.962188735,-0.31484985125,-3.856707175,-3.7423781875,-9.85899425
74,-0.139617920375,0.83477783875,-0.53128052125,12.8467991625,19.557926875,-13.650914125
74,-0.21020508,0.945172985714,-0.388288222857,-12.5217775429,-24.2465161,14.9259584714
75,-0.1471862795,0.97702026625,-0.22845459,0.86128037125,-4.90091455,1.5320121625
74,-0.12966919,0.98654175125,-0.250061037875,-24.0967991625,3.00685973,-1.8140244375
73,-0.50924682625,0.82827759375,0.124816894625,-25.114330125,45.44969665,-21.4862813125
73,-0.6249694825,0.76367187875,0.1502685555,-11.0746954937,-5.4649391625,0.6783536125
74,-0.137878418375,0.82373046375,-0.3210144025,64.108233375,-44.4397873375,35.7888730375
74,-0.092834473125,0.855712895,-0.4557495075,-12.141768625,-4.5236283375,10.29725605
74,-0.112426757438,0.93420410625,-0.39938354375,18.6547258125,4.7065549625,-7.6410066875
74,-0.0847516741429,0.876499717143,-0.453543524286,-13.4668994371,-7.73083677143,16.5113245514
73,0.0493164054625,0.919586185,-0.41311645625,0.9336890875,1.68064032175,1.5015244
73,-0.09686279155,0.796569835,-0.512908935,12.9535061625,4.1920731625,-7.8506098375
73,-0.12454223725,0.8169555675,-0.5787353575,-9.12347584625,-13.3498485375,4.611280225
73,-0.0210876457375,0.91204834,-0.41101074125,-4.8780490875,9.32926825,7.83155474125
72,0.03234863275,0.8485717775,-0.54312133375,2.9077744,-1.5891769,1.00609761625
73,0.0133666988375,0.87512207125,-0.4753418025,-5.9375004125,2.061737765,-4.603658625
72,0.0279846192625,0.89855956375,-0.47232056,0.0838413125,-2.30182928875,2.91539632125
72,0.038504464,0.87956891,-0.47265625,-2.11672477714,-0.692508755714,0.683797814286
72,0.056915283125,0.87939452625,-0.48300171,-3.54039634,-0.87652442,0.5983232375
74,0.0461425784375,0.8944396925,-0.4708252,-1.8559450875,-0.384908555,0.50685982375
73,0.025970459375,0.86306763,-0.5147399975,5.194359775,0.46112825,-2.03887196875
73,0.02636718775,0.84582519875,-0.5274047925,-3.4184451125,-1.627286645,-0.13338418875
73,0.018829345875,0.8614807125,-0.51251220375,-1.2995427,-1.28810977,-0.1219512155
73,0.00662231454125,0.86294554625,-0.51501464375,1.40243915625,0.045731715,1.006097615
72,0.0158996581375,0.86190795875,-0.52075195375,-3.65472572,-0.56021340375,1.25762199